{
  "enabled": true,
  "distance": 4.0,
  "random_placement": 1.0,
  "fuzziness": 1.0,
  "shuffle": true,
  "y_range": 128.0,
  "y_offset": 128.0,
  "sparsity": 0.0,
  "spacing": 20.0,
  "size_x_z": 64.0,
  "size_y": 32.0,
  "travel_speed": 0.03,
  "wind_effect_factor": 1.0,
  "wind_speed_factor": 0.3,
  "color_variation_factor": 1.0,
  "celestial_body_halo": true,
  "chunk_size": 32,
  "sampling_scale": 1.0,
  "scale_falloff_min": 0.25,
  "fade_edge": 0.15,
  "use_persistent_buffers": false,
  "iris_support": true,
  "cloud_override": true,
  "use_iris_f_b_o": true,
  "selected_preset": 0,
  "presets": [
    {
      "title": "Default",
      "key": null,
      "editable": true,
      "upscale_resolution_factor": 1.0,
      "gamma": 1.0,
      "sun_path_angle": 0.0,
      "sunrise_start_time": -785,
      "sunrise_end_time": 1163,
      "sunset_start_time": 10837,
      "sunset_end_time": 12785,
      "day_brightness": 1.0,
      "night_brightness": 1.0,
      "saturation": 1.0,
      "opacity": 0.2,
      "opacity_factor": 1.0,
      "opacity_exponent": 1.5,
      "tint_red": 1.0,
      "tint_green": 1.0,
      "tint_blue": 1.0
    },
    {
      "title": "Default",
      "key": "default",
      "editable": false,
      "upscale_resolution_factor": 1.0,
      "gamma": 1.0,
      "sun_path_angle": 0.0,
      "sunrise_start_time": -785,
      "sunrise_end_time": 1163,
      "sunset_start_time": 10837,
      "sunset_end_time": 12785,
      "day_brightness": 1.0,
      "night_brightness": 1.0,
      "saturation": 1.0,
      "opacity": 0.2,
      "opacity_factor": 1.0,
      "opacity_exponent": 1.5,
      "tint_red": 1.0,
      "tint_green": 1.0,
      "tint_blue": 1.0
    },
    {
      "title": "BSL V8",
      "key": "bsl_v8",
      "editable": false,
      "upscale_resolution_factor": 1.0,
      "gamma": 1.0,
      "sun_path_angle": -40.0,
      "sunrise_start_time": -785,
      "sunrise_end_time": 1163,
      "sunset_start_time": 10837,
      "sunset_end_time": 12785,
      "day_brightness": 1.0,
      "night_brightness": 1.0,
      "saturation": 1.0,
      "opacity": 0.2,
      "opacity_factor": 1.0,
      "opacity_exponent": 1.5,
      "tint_red": 1.0,
      "tint_green": 1.0,
      "tint_blue": 1.0
    },
    {
      "title": "Chocapic13 V6",
      "key": "chocapic13_v6",
      "editable": false,
      "upscale_resolution_factor": 1.0,
      "gamma": -2.25,
      "sun_path_angle": -40.0,
      "sunrise_start_time": -785,
      "sunrise_end_time": 1163,
      "sunset_start_time": 10837,
      "sunset_end_time": 12785,
      "day_brightness": 0.71,
      "night_brightness": 0.41,
      "saturation": 1.3,
      "opacity": 0.2,
      "opacity_factor": 0.75,
      "opacity_exponent": 1.5,
      "tint_red": 1.0,
      "tint_green": 1.0,
      "tint_blue": 1.0
    },
    {
      "title": "Chocapic13 V9",
      "key": "chocapic13_v9",
      "editable": false,
      "upscale_resolution_factor": 0.75,
      "gamma": -2.25,
      "sun_path_angle": -40.0,
      "sunrise_start_time": -785,
      "sunrise_end_time": 1163,
      "sunset_start_time": 10837,
      "sunset_end_time": 12785,
      "day_brightness": 1.21,
      "night_brightness": 0.5,
      "saturation": 1.0,
      "opacity": 0.2,
      "opacity_factor": 0.5,
      "opacity_exponent": 1.5,
      "tint_red": 1.0,
      "tint_green": 1.0,
      "tint_blue": 1.0
    },
    {
      "title": "Complementary Reimagined V2",
      "key": "complementary_reimagined_v2",
      "editable": false,
      "upscale_resolution_factor": 1.0,
      "gamma": 1.0,
      "sun_path_angle": 0.0,
      "sunrise_start_time": -785,
      "sunrise_end_time": 1163,
      "sunset_start_time": 10837,
      "sunset_end_time": 12785,
      "day_brightness": 1.2,
      "night_brightness": 1.0,
      "saturation": 1.1,
      "opacity": 0.2,
      "opacity_factor": 1.0,
      "opacity_exponent": 1.5,
      "tint_red": 1.0,
      "tint_green": 1.0,
      "tint_blue": 1.0
    },
    {
      "title": "Complementary V4",
      "key": "complementary_v4",
      "editable": false,
      "upscale_resolution_factor": 1.0,
      "gamma": -2.25,
      "sun_path_angle": -40.0,
      "sunrise_start_time": -785,
      "sunrise_end_time": 1163,
      "sunset_start_time": 10837,
      "sunset_end_time": 12785,
      "day_brightness": 0.6,
      "night_brightness": 0.9,
      "saturation": 1.3,
      "opacity": 0.2,
      "opacity_factor": 1.0,
      "opacity_exponent": 1.5,
      "tint_red": 1.0,
      "tint_green": 1.0,
      "tint_blue": 1.0
    },
    {
      "title": "Kappa V5",
      "key": "kappa_v5",
      "editable": false,
      "upscale_resolution_factor": 0.75,
      "gamma": -2.4,
      "sun_path_angle": -35.0,
      "sunrise_start_time": -1500,
      "sunrise_end_time": 500,
      "sunset_start_time": 11500,
      "sunset_end_time": 13000,
      "day_brightness": 4.0,
      "night_brightness": 0.46,
      "saturation": 1.0,
      "opacity": 0.2,
      "opacity_factor": 1.0,
      "opacity_exponent": 0.75,
      "tint_red": 1.0,
      "tint_green": 1.0,
      "tint_blue": 1.0
    },
    {
      "title": "Rethinking Voxels V0",
      "key": "rethinking_voxels_v0",
      "editable": false,
      "upscale_resolution_factor": 1.0,
      "gamma": 1.5,
      "sun_path_angle": 0.0,
      "sunrise_start_time": -785,
      "sunrise_end_time": 1163,
      "sunset_start_time": 10837,
      "sunset_end_time": 12785,
      "day_brightness": 1.5,
      "night_brightness": 1.0,
      "saturation": 0.75,
      "opacity": 0.2,
      "opacity_factor": 1.0,
      "opacity_exponent": 1.5,
      "tint_red": 1.0,
      "tint_green": 1.0,
      "tint_blue": 1.0
    },
    {
      "title": "Soft Voxels Lite V1",
      "key": "soft_voxels_lite_v1",
      "editable": false,
      "upscale_resolution_factor": 0.5,
      "gamma": -2.2,
      "sun_path_angle": -25.0,
      "sunrise_start_time": -785,
      "sunrise_end_time": 1163,
      "sunset_start_time": 10837,
      "sunset_end_time": 12785,
      "day_brightness": 2.25,
      "night_brightness": 1.0,
      "saturation": 1.0,
      "opacity": 0.2,
      "opacity_factor": 1.0,
      "opacity_exponent": 1.5,
      "tint_red": 1.0,
      "tint_green": 1.0,
      "tint_blue": 1.0
    },
    {
      "title": "Solas V1",
      "key": "solas_v1",
      "editable": false,
      "upscale_resolution_factor": 1.0,
      "gamma": 1.0,
      "sun_path_angle": -40.0,
      "sunrise_start_time": -785,
      "sunrise_end_time": 1163,
      "sunset_start_time": 10837,
      "sunset_end_time": 12785,
      "day_brightness": 0.86,
      "night_brightness": 1.0,
      "saturation": 0.8,
      "opacity": 0.2,
      "opacity_factor": 1.0,
      "opacity_exponent": 1.5,
      "tint_red": 1.0,
      "tint_green": 1.0,
      "tint_blue": 1.0
    }
  ],
  "last_telemetry_version": 3,
  "gpu_incompatible_message_enabled": true,
  "enabled_dimensions": [
    "minecraft:overworld"
  ]
}