{
  "schema_version": 2,
  "failed_reloads_per_session": 5,
  "default_packs": [
    "vanilla",
    "Fabrication grayscale",
    "Fabrication",
    "Moonlight Mods Dynamic Assets",
    "convenientdecor:hydrated_farmland",
    "moreberries:modifiedsweetberrybushmodel",
    "fabric",
    "continuity:default",
    "continuity:glass_pane_culling_fix",
    "file/Nautilus3D_V1.9_[MC-1.13+].zip",
    "file/AU2SB Panorama.zip",
    "file/AU2SB WATUT.zip",
    "file/AU2SB CIT.zip",
    "seamless:default_seamless",
    "seasons:seasonal_lush_caves",
    "file/Os\u0027 Colorful Cobblestone.zip",
    "file/Os\u0027 2D Iron Bars.zip",
    "meadow:optifine_support",
    "vinery:bushy_leaves",
    "presencefootsteps:default_sound_pack",
    "rprenames:default_dark_mode",
    "file/Authentic Shadows_1.20.zip",
    "file/§9RAY\u0027s§r 3D Rails.zip",
    "file/§bRAY\u0027s§r 3D Ladders.zip",
    "file/xali\u0027s Potions v1.0.0.zip",
    "file/Better Cats 1.20.zip",
    "file/Better Horses 1.20.zip",
    "file/Sparkles_1.21_v1.0.7.zip",
    "file/better_flame_particles-v2.0-mc1.14x-1.20x-resourcepack.zip",
    "telepistons:enable_steam",
    "telepistons:bellows_pistons",
    "file/GUI-SimpleStylized_4.7-1.20+.zip",
    "file/Brewing Guide 1.20.zip",
    "file/[1.4.1] Enhanced Boss Bars.zip"
  ],
  "default_overrides": {
    "force_compatible": true
  },
  "pack_overrides": {
    "au2sb": [
      "Fabrication grayscale",
      "Fabrication",
      "Moonlight Mods Dynamic Assets",
      "convenientdecor:hydrated_farmland",
      "moreberries:modifiedsweetberrybushmodel",
      "continuity:default",
      "continuity:glass_pane_culling_fix",
      "file/AU2SB Panorama.zip",
      "file/AU2SB WATUT.zip",
      "file/AU2SB CIT.zip",
      "seamless:default_seamless",
      "seasons:seasonal_lush_caves",
      "file/Os\u0027 Colorful Cobblestone.zip",
      "file/Os\u0027 2D Iron Bars.zip",
      "meadow:optifine_support",
      "vinery:bushy_leaves",
      "presencefootsteps:default_sound_pack",
      "rprenames:default_dark_mode",
      "file/Authentic Shadows_1.20.zip",
      "file/§9RAY\u0027s§r 3D Rails.zip",
      "file/§bRAY\u0027s§r 3D Ladders.zip",
      "file/xali\u0027s Potions v1.0.0.zip",
      "file/Better Cats 1.20.zip",
      "file/Better Horses 1.20.zip",
      "file/Sparkles_1.21_v1.0.7.zip",
      "file/better_flame_particles-v2.0-mc1.14x-1.20x-resourcepack.zip",
      "telepistons:enable_steam",
      "telepistons:bellows_pistons",
      "file/GUI-SimpleStylized_4.7-1.20+.zip",
      "file/Brewing Guide 1.20.zip",
      "file/[1.4.1] Enhanced Boss Bars.zip"
    ],
    "$$au2sb": {
      "hidden": true,
      "required": true
    }
  }
}