{"loadingScreen":false,"bedrockIfyButtonPosition":"DISABLED","showPositionHUD":true,"FPSHUD":0,"heldItemTooltips":true,"heldItemTooltipBackground":0.5,"showPaperDoll":false,"showChunkMap":true,"reacharound":true,"reacharoundSneaking":true,"reacharoundIndicator":true,"reacharoundMultiplayer":true,"positionHUDHeight":50,"screenSafeArea":0,"overlayIgnoresSafeArea":false,"bedrockChat":false,"slotHighlight":true,"highLightColor1":-1,"highLightColor2":-1990870528,"idleAnimation":1.0,"reacharoundBlockDistance":0.5,"reacharoundPitchAngle":25,"savingOverlay":true,"eatingAnimations":true,"expTextStyle":true,"bedrockToolbar":false,"hudOpacity":64,"biggerIcons":true,"sneakingShield":true,"bedrockShading":true,"disableFlyingMomentum":true,"elytraStop":true,"pickupAnimations":true,"fishingBobber3D":true,"sunlightIntensity":50,"sheepColors":true,"hideEditionBranding":false}